<table directory="assets">
	<add path="units/test/jocke/plane_black_temp" type="unit">
		<material_config force="true" path="units/test/jocke/plane_black_temp" unload="true"/>
		<object force="true" path="units/test/jocke/plane_black_temp" unload="true"/>
		<unit force="true" path="units/test/jocke/plane_black_temp" unload="true"/>
	</add>
	<add unload_on_restart="true">
		<unit path="units/pd2_mod_auction/test/material_test" unload="true"/>
		<object path="units/pd2_mod_auction/test/material_test" unload="true"/>
		<model path="units/pd2_mod_auction/test/material_test" unload="true"/>
		<unit path="units/pd2_mod_auction/mansion/man_int_mainhall" unload="true"/>
		<object path="units/pd2_mod_auction/mansion/man_int_mainhall" unload="true"/>
		<model path="units/pd2_mod_auction/mansion/man_int_mainhall" unload="true"/>
		<unit path="units/pd2_mod_auction/mansion/man_int_hall_a" unload="true"/>
		<object path="units/pd2_mod_auction/mansion/man_int_hall_a" unload="true"/>
		<model path="units/pd2_mod_auction/mansion/man_int_hall_a" unload="true"/>
		<texture path="units/pd2_mod_auction/textures/wallpaper_generic_nm" unload="true"/>
		<texture path="units/pd2_mod_auction/textures/wallpaper_1_df" unload="true"/>
		<texture path="units/pd2_mod_auction/textures/wallpaper_1_dnm" unload="true"/>
		<texture path="units/pd2_mod_auction/textures/wallpaper_1_gsma" unload="true"/>
		<texture path="units/pd2_mod_auction/textures/wallpaper_2_df" unload="true"/>
		<texture path="units/pd2_mod_auction/textures/wallpaper_2_dnm" unload="true"/>
		<texture path="units/pd2_mod_auction/textures/wallpaper_2_gsma" unload="true"/>
		<texture path="units/pd2_mod_auction/textures/wallpaper_3_df" unload="true"/>
		<texture path="units/pd2_mod_auction/textures/wallpaper_3_dnm" unload="true"/>
		<texture path="units/pd2_mod_auction/textures/wallpaper_3_gsma" unload="true"/>
		<texture path="units/pd2_mod_auction/textures/wallpaper_4_df" unload="true"/>
		<texture path="units/pd2_mod_auction/textures/wallpaper_5_df" unload="true"/>
		<texture path="units/pd2_mod_auction/textures/wallpaper_5_dnm" unload="true"/>
		<texture path="units/pd2_mod_auction/textures/wallpaper_5_gsma" unload="true"/>
		<texture path="units/pd2_mod_auction/textures/wallpaper_6_df" unload="true"/>
		<texture path="units/pd2_mod_auction/textures/wallpaper_6_dnm" unload="true"/>
		<texture path="units/pd2_mod_auction/textures/wallpaper_6_gsma" unload="true"/>
		<texture path="units/pd2_mod_auction/textures/wallpaper_7_df" unload="true"/>
		<texture path="units/pd2_mod_auction/textures/flooring_3_df" unload="true"/>
		<texture path="units/pd2_mod_auction/textures/flooring_3_dnm" unload="true"/>
		<texture path="units/pd2_mod_auction/textures/flooring_3_gsma" unload="true"/>
		<texture path="units/pd2_mod_auction/textures/flooring_5_df" unload="true"/>
		<texture path="units/pd2_mod_auction/textures/flooring_5_dnm" unload="true"/>
		<texture path="units/pd2_mod_auction/textures/flooring_5_gsma" unload="true"/>
		<texture path="units/pd2_mod_auction/textures/flooring_7_df" unload="true"/>
		<texture path="units/pd2_mod_auction/textures/flooring_7_dnm" unload="true"/>
		<texture path="units/pd2_mod_auction/textures/flooring_7_gsma" unload="true"/>
		<texture path="units/pd2_mod_auction/textures/paneling_1_df" unload="true"/>
		<texture path="units/pd2_mod_auction/textures/paneling_1_dnm" unload="true"/>
		<texture path="units/pd2_mod_auction/textures/paneling_1_gsma" unload="true"/>
		<texture path="units/pd2_mod_auction/textures/paneling_2_df" unload="true"/>
		<texture path="units/pd2_mod_auction/textures/paneling_3_df" unload="true"/>
		<texture path="units/pd2_mod_auction/textures/carpet_1_df" unload="true"/>
		<texture path="units/pd2_mod_auction/textures/carpet_1_dnm" unload="true"/>
		<texture path="units/pd2_mod_auction/textures/carpet_1_gsma" unload="true"/>
		<texture path="units/pd2_mod_auction/textures/wallstripes_dnm" unload="true"/>
		<texture path="units/pd2_mod_auction/textures/wallstripes_gsma" unload="true"/>
		<texture path="units/pd2_mod_auction/textures/wallstripes_1_df" unload="true"/>
		<texture path="units/pd2_mod_auction/textures/wallstripes_2_df" unload="true"/>
		<texture path="units/pd2_mod_auction/textures/wallstripes_3_df" unload="true"/>
		<texture path="units/pd2_mod_auction/textures/wallstripes_4_df" unload="true"/>
		<texture path="units/pd2_mod_auction/textures/wallstripes_5_df" unload="true"/>
		<texture path="units/pd2_mod_auction/textures/woodenbeam_df" unload="true"/>
		<texture path="units/pd2_mod_auction/textures/woodenbeam_nm" unload="true"/>
		<material_config path="units/pd2_mod_auction/test/material_test" unload="true"/>
	</add>
	<add unload_on_restart="true">
		<unit path="units/pd2_mod_auction/pickups/pku_item_no056_gavel/pku_item_no056_gavel" unload="true"/>
		<object path="units/pd2_mod_auction/pickups/pku_item_no056_gavel/pku_item_no056_gavel" unload="true"/>
		<model path="units/pd2_mod_auction/pickups/pku_item_no056_gavel/pku_item_no056_gavel" unload="true"/>
		<material_config path="units/pd2_mod_auction/pickups/pku_item_no056_gavel/pku_item_no056_gavel" unload="true"/>
		<sequence_manager path="units/pd2_mod_auction/pickups/pku_item_no056_gavel/pku_item_no056_gavel" unload="true"/>
		<texture path="units/pd2_mod_auction/pickups/pku_item_no056_gavel/pku_item_no056_gavel_df" unload="true"/>
		<texture path="units/pd2_mod_auction/pickups/pku_item_no056_gavel/pku_item_no056_gavel_nm" unload="true"/>
		<texture path="units/pd2_mod_auction/pickups/pku_tags/auction_tag_no056_df" unload="true"/>
		<unit path="units/pd2_mod_auction/pickups/pku_item_no058_horn/pku_item_no058_horn" unload="true"/>
		<object path="units/pd2_mod_auction/pickups/pku_item_no058_horn/pku_item_no058_horn" unload="true"/>
		<model path="units/pd2_mod_auction/pickups/pku_item_no058_horn/pku_item_no058_horn" unload="true"/>
		<material_config path="units/pd2_mod_auction/pickups/pku_item_no058_horn/pku_item_no058_horn" unload="true"/>
		<sequence_manager path="units/pd2_mod_auction/pickups/pku_item_no058_horn/pku_item_no058_horn" unload="true"/>
		<texture path="units/pd2_mod_auction/pickups/pku_item_no058_horn/pku_item_no058_horn_df" unload="true"/>
		<texture path="units/pd2_mod_auction/pickups/pku_tags/auction_tag_no058_df" unload="true"/>
		<unit path="units/pd2_mod_auction/pickups/pku_item_no066_dirt/pku_item_no066_dirt" unload="true"/>
		<object path="units/pd2_mod_auction/pickups/pku_item_no066_dirt/pku_item_no066_dirt" unload="true"/>
		<model path="units/pd2_mod_auction/pickups/pku_item_no066_dirt/pku_item_no066_dirt" unload="true"/>
		<material_config path="units/pd2_mod_auction/pickups/pku_item_no066_dirt/pku_item_no066_dirt" unload="true"/>
		<sequence_manager path="units/pd2_mod_auction/pickups/pku_item_no066_dirt/pku_item_no066_dirt" unload="true"/>
		<texture path="units/pd2_mod_auction/pickups/pku_item_no066_dirt/pku_item_no066_dirt_df" unload="true"/>
		<texture path="units/pd2_mod_auction/pickups/pku_tags/auction_tag_no066_df" unload="true"/>
		<unit path="units/pd2_mod_auction/pickups/pku_item_no070_block/pku_item_no070_block" unload="true"/>
		<object path="units/pd2_mod_auction/pickups/pku_item_no070_block/pku_item_no070_block" unload="true"/>
		<model path="units/pd2_mod_auction/pickups/pku_item_no070_block/pku_item_no070_block" unload="true"/>
		<material_config path="units/pd2_mod_auction/pickups/pku_item_no070_block/pku_item_no070_block" unload="true"/>
		<sequence_manager path="units/pd2_mod_auction/pickups/pku_item_no070_block/pku_item_no070_block" unload="true"/>
		<texture path="units/pd2_mod_auction/pickups/pku_item_no070_block/pku_item_no070_block_df" unload="true"/>
		<texture path="units/pd2_mod_auction/pickups/pku_tags/auction_tag_no070_df" unload="true"/>
		<unit path="units/pd2_mod_auction/pickups/pku_item_no071_keys/pku_item_no071_keys" unload="true"/>
		<object path="units/pd2_mod_auction/pickups/pku_item_no071_keys/pku_item_no071_keys" unload="true"/>
		<model path="units/pd2_mod_auction/pickups/pku_item_no071_keys/pku_item_no071_keys" unload="true"/>
		<material_config path="units/pd2_mod_auction/pickups/pku_item_no071_keys/pku_item_no071_keys" unload="true"/>
		<sequence_manager path="units/pd2_mod_auction/pickups/pku_item_no071_keys/pku_item_no071_keys" unload="true"/>
		<texture path="units/pd2_mod_auction/pickups/pku_item_no071_keys/pku_item_no071_keys_df" unload="true"/>
		<texture path="units/pd2_mod_auction/pickups/pku_tags/auction_tag_no071_df" unload="true"/>
	</add>
	<add unload_on_restart="true">
		<texture path="units/pd2_mod_auction/vehicles/props_vehicle_car_01/props_vehicle_car_01_df" unload="true"/>
		<texture path="units/pd2_mod_auction/vehicles/props_vehicle_car_01/props_vehicle_car_01_nm" unload="true"/>
		<texture path="units/pd2_mod_auction/vehicles/props_vehicle_car_01/props_vehicle_car_01_gsm" unload="true"/>
		<texture path="units/pd2_mod_auction/vehicles/props_vehicle_car_01/props_vehicle_car_01_op" unload="true"/>
		<cooked_physics path="units/pd2_mod_auction/vehicles/props_vehicle_car_01/props_vehicle_car_01" unload="true"/>
		<material_config path="units/pd2_mod_auction/vehicles/props_vehicle_car_01/props_vehicle_car_01" unload="true"/>
		<model path="units/pd2_mod_auction/vehicles/props_vehicle_car_01/props_vehicle_car_01" unload="true"/>
		<object path="units/pd2_mod_auction/vehicles/props_vehicle_car_01/props_vehicle_car_01" unload="true"/>
		<sequence_manager path="units/pd2_mod_auction/vehicles/props_vehicle_car_01/props_vehicle_car_01" unload="true"/>
		<unit path="units/pd2_mod_auction/vehicles/props_vehicle_car_01/props_vehicle_car_01" unload="true"/>
	</add>
	<add unload_on_restart="true">
		<texture path="units/vanilla/vehicles/fps_vehicle_kubelwagen/textures/kubel_wheel_df" unload="true"/>
		<texture path="units/vanilla/vehicles/fps_vehicle_kubelwagen/textures/kubel_wheel_nm" unload="true"/>
		<texture path="units/vanilla/vehicles/fps_vehicle_kubelwagen/textures/kubel_wheel_gsm" unload="true"/>
		<texture path="units/vanilla/vehicles/fps_vehicle_kubelwagen/textures/kubel_wheel_op" unload="true"/>
		<texture path="units/vanilla/vehicles/fps_vehicle_kubelwagen/textures/props_vehicle_collectors_kubelwagen_01_df" unload="true"/>
		<texture path="units/vanilla/vehicles/fps_vehicle_kubelwagen/textures/props_vehicle_collectors_kubelwagen_01_nm" unload="true"/>
		<texture path="units/vanilla/vehicles/fps_vehicle_kubelwagen/textures/props_vehicle_collectors_kubelwagen_01_gsma" unload="true"/>
		<texture path="units/vanilla/vehicles/fps_vehicle_kubelwagen/textures/props_vehicle_collectors_kubelwagen_01_op" unload="true"/>
		<texture path="units/vanilla/vehicles/fps_vehicle_kubelwagen/textures/props_vehicle_collectors_kubelwagen_interior_01_df" unload="true"/>
		<texture path="units/vanilla/vehicles/fps_vehicle_kubelwagen/textures/props_vehicle_collectors_kubelwagen_interior_01_nm" unload="true"/>
		<texture path="units/vanilla/vehicles/fps_vehicle_kubelwagen/textures/props_vehicle_collectors_kubelwagen_interior_01_op" unload="true"/>
		<texture path="units/vanilla/vehicles/fps_vehicle_kubelwagen/textures/props_vehicle_kubelwagen_01_spring_df" unload="true"/>
		<texture path="units/vanilla/vehicles/fps_vehicle_kubelwagen/textures/props_vehicle_kubelwagen_01_spring_nm" unload="true"/>
		<texture path="units/vanilla/vehicles/fps_vehicle_kubelwagen/textures/props_vehicle_kubelwagen_01_spring_gsma" unload="true"/>
		<texture path="units/vanilla/vehicles/fps_vehicle_kubelwagen/textures/props_vehicle_kubelwagen_01_spring_op" unload="true"/>
		<effect path="units/vanilla/vehicles/fps_vehicle_kubelwagen/eff_lamp" unload="true"/>
		<effect path="units/vanilla/vehicles/fps_vehicle_kubelwagen/eff_stop" unload="true"/>
		<cooked_physics path="units/vanilla/vehicles/fps_vehicle_kubelwagen/fps_vehicle_kubelwagen" unload="true"/>
		<material_config path="units/vanilla/vehicles/fps_vehicle_kubelwagen/fps_vehicle_kubelwagen" unload="true"/>
		<model path="units/vanilla/vehicles/fps_vehicle_kubelwagen/fps_vehicle_kubelwagen" unload="true"/>
		<object path="units/vanilla/vehicles/fps_vehicle_kubelwagen/fps_vehicle_kubelwagen" unload="true"/>
		<sequence_manager path="units/vanilla/vehicles/fps_vehicle_kubelwagen/fps_vehicle_kubelwagen" unload="true"/>
		<unit path="units/vanilla/vehicles/fps_vehicle_kubelwagen/fps_vehicle_kubelwagen" unload="true"/>
	</add>
	<add path="units/dev_tools/level_tools/dev_bag_collision/dev_bag_collision_1x3m" type="unit">
		<material_config force="true" path="core/material_configs/hub_elements" unload="true"/>
		<object force="true" path="units/dev_tools/level_tools/dev_bag_collision/dev_bag_collision_1x3m" unload="true"/>
		<unit force="true" path="units/dev_tools/level_tools/dev_bag_collision/dev_bag_collision_1x3m" unload="true"/>
	</add>
	<add path="units/dev_tools/level_tools/dev_collision/dev_collision_1x1m" type="unit">
		<material_config force="true" path="core/material_configs/hub_elements" unload="true"/>
		<object force="true" path="units/dev_tools/level_tools/dev_collision/dev_collision_1x1m" unload="true"/>
		<unit force="true" path="units/dev_tools/level_tools/dev_collision/dev_collision_1x1m" unload="true"/>
	</add>
</table>
